Amplitude,Shift,Frequency,Element Ratio,Error
0.1309,0.0,1.0,0.1,0.9813800651017468
0.1309,0.0,1.0,0.31622776601683794,0.9813994098783573
0.1309,0.0,1.0,1.0,0.9814738895560938
0.1309,0.0,1.0,3.1622776601683795,0.9813996978472682
0.1309,0.0,1.0,10.0,0.9813750577794436
0.1309,1.5708,1.0,0.1,0.9846342703969809
0.1309,1.5708,1.0,0.31622776601683794,0.988552454928294
0.1309,1.5708,1.0,1.0,0.9912134806913907
0.1309,1.5708,1.0,3.1622776601683795,0.9884987904255218
0.1309,1.5708,1.0,10.0,0.9845970923472257
0.1309,3.14159,1.0,0.1,0.9877190247349615
0.1309,3.14159,1.0,0.31622776601683794,0.9954339192413544
0.1309,3.14159,1.0,1.0,1.0
0.1309,3.14159,1.0,3.1622776601683795,0.9954750361908292
0.1309,3.14159,1.0,10.0,0.9877381484966453
0.1309,4.71239,1.0,0.1,0.984403058027287
0.1309,4.71239,1.0,0.31622776601683794,0.9881869441321499
0.1309,4.71239,1.0,1.0,0.9908131287756364
0.1309,4.71239,1.0,3.1622776601683795,0.9883151881970873
0.1309,4.71239,1.0,10.0,0.9844968325764233
0.1309,6.28319,1.0,0.1,0.9813800592591356
0.1309,6.28319,1.0,0.31622776601683794,0.981399411722573
0.1309,6.28319,1.0,1.0,0.9814739086308282
0.1309,6.28319,1.0,3.1622776601683795,0.9813997062492348
0.1309,6.28319,1.0,10.0,0.9813748410581323
0.35997,0.0,1.0,0.1,0.9514784154118097
0.35997,0.0,1.0,0.31622776601683794,0.9531084423291032
0.35997,0.0,1.0,1.0,0.9543298446320357
0.35997,0.0,1.0,3.1622776601683795,0.9531081723919161
0.35997,0.0,1.0,10.0,0.9514783361024922
0.35997,1.5708,1.0,0.1,0.959404405072213
0.35997,1.5708,1.0,0.31622776601683794,0.9708061055714798
0.35997,1.5708,1.0,1.0,0.978347472588733
0.35997,1.5708,1.0,3.1622776601683795,0.9706136806191042
0.35997,1.5708,1.0,10.0,0.9595676802736245
0.35997,3.14159,1.0,0.1,0.967705074962653
0.35997,3.14159,1.0,0.31622776601683794,0.989750380558133
0.35997,3.14159,1.0,1.0,1.0
0.35997,3.14159,1.0,3.1622776601683795,0.9898208221797093
0.35997,3.14159,1.0,10.0,0.9678227452853216
0.35997,4.71239,1.0,0.1,0.958874545715169
0.35997,4.71239,1.0,0.31622776601683794,0.9698484964974496
0.35997,4.71239,1.0,1.0,0.9775436721017828
0.35997,4.71239,1.0,3.1622776601683795,0.9702136216213114
0.35997,4.71239,1.0,10.0,0.959231511185608
0.35997,6.28319,1.0,0.1,0.9514784162221395
0.35997,6.28319,1.0,0.31622776601683794,0.953108446290366
0.35997,6.28319,1.0,1.0,0.9543299063985189
0.35997,6.28319,1.0,3.1622776601683795,0.9531081790406661
0.35997,6.28319,1.0,10.0,0.9514783371123742
0.58905,0.0,1.0,0.1,0.9271245397783165
0.58905,0.0,1.0,0.31622776601683794,0.9342206508671349
0.58905,0.0,1.0,1.0,0.9389557569018039
0.58905,0.0,1.0,3.1622776601683795,0.9341542911428447
0.58905,0.0,1.0,10.0,0.9271251319367289
0.58905,1.5708,1.0,0.1,0.9372147872079563
0.58905,1.5708,1.0,0.31622776601683794,0.9564480120629868
0.58905,1.5708,1.0,1.0,0.9698854823149189
0.58905,1.5708,1.0,3.1622776601683795,0.9565556903160511
0.58905,1.5708,1.0,10.0,0.9376850626195499
0.58905,3.14159,1.0,0.1,0.9504077264823848
0.58905,3.14159,1.0,0.31622776601683794,0.9862489318219197
0.58905,3.14159,1.0,1.0,1.0
0.58905,3.14159,1.0,3.1622776601683795,0.9866761713222123
0.58905,3.14159,1.0,10.0,0.950314667573988
0.58905,4.71239,1.0,0.1,0.9365388444055105
0.58905,4.71239,1.0,0.31622776601683794,0.9554068573359553
0.58905,4.71239,1.0,1.0,0.9684944127046773
0.58905,4.71239,1.0,3.1622776601683795,0.9559171128321616
0.58905,4.71239,1.0,10.0,0.9372548062945673
0.58905,6.28319,1.0,0.1,0.927124549537417
0.58905,6.28319,1.0,0.31622776601683794,0.9342205662154864
0.58905,6.28319,1.0,1.0,0.9389557549822806
0.58905,6.28319,1.0,3.1622776601683795,0.9341542978834544
0.58905,6.28319,1.0,10.0,0.9271251565647268
0.81812,0.0,1.0,0.1,0.9097257993804091
0.81812,0.0,1.0,0.31622776601683794,0.9263146816119194
0.81812,0.0,1.0,1.0,0.9380391367476859
0.81812,0.0,1.0,3.1622776601683795,0.9261963633788679
0.81812,0.0,1.0,10.0,0.9096331170510003
0.81812,1.5708,1.0,0.1,0.9185975548351356
0.81812,1.5708,1.0,0.31622776601683794,0.9462888259737322
0.81812,1.5708,1.0,1.0,0.9656750420757281
0.81812,1.5708,1.0,3.1622776601683795,0.9467671888694335
0.81812,1.5708,1.0,10.0,0.9197179461743996
0.81812,3.14159,1.0,0.1,0.9351253492783125
0.81812,3.14159,1.0,0.31622776601683794,0.9849187700970838
0.81812,3.14159,1.0,1.0,1.0
0.81812,3.14159,1.0,3.1622776601683795,0.985052942783449
0.81812,3.14159,1.0,10.0,0.9356391106542193
0.81812,4.71239,1.0,0.1,0.9179646584481276
0.81812,4.71239,1.0,0.31622776601683794,0.9453035358493019
0.81812,4.71239,1.0,1.0,0.9648314982297188
0.81812,4.71239,1.0,3.1622776601683795,0.9461506339936471
0.81812,4.71239,1.0,10.0,0.9192049581588316
0.81812,6.28319,1.0,0.1,0.9097257388345202
0.81812,6.28319,1.0,0.31622776601683794,0.9263148050705605
0.81812,6.28319,1.0,1.0,0.9380391822177523
0.81812,6.28319,1.0,3.1622776601683795,0.9261936165037739
0.81812,6.28319,1.0,10.0,0.9096333641526883
1.0472,0.0,1.0,0.1,0.898484197559356
1.0472,0.0,1.0,0.31622776601683794,0.9280547348105354
1.0472,0.0,1.0,1.0,0.9481649436569067
1.0472,0.0,1.0,3.1622776601683795,0.9279992211803835
1.0472,0.0,1.0,10.0,0.8990511812655272
1.0472,1.5708,1.0,0.1,0.9047038913028741
1.0472,1.5708,1.0,0.31622776601683794,0.9403549976892224
1.0472,1.5708,1.0,1.0,0.9655067782970236
1.0472,1.5708,1.0,3.1622776601683795,0.9414577894302603
1.0472,1.5708,1.0,10.0,0.9061223205994885
1.0472,3.14159,1.0,0.1,0.9230906851840595
1.0472,3.14159,1.0,0.31622776601683794,0.9836182994039371
1.0472,3.14159,1.0,1.0,1.0
1.0472,3.14159,1.0,3.1622776601683795,0.9839211829969537
1.0472,3.14159,1.0,10.0,0.9234489769083248
1.0472,4.71239,1.0,0.1,0.9040515464508502
1.0472,4.71239,1.0,0.31622776601683794,0.9397098993061365
1.0472,4.71239,1.0,1.0,0.9644896557284224
1.0472,4.71239,1.0,3.1622776601683795,0.9404584352915155
1.0472,4.71239,1.0,10.0,0.9055274498637124
1.0472,6.28319,1.0,0.1,0.8984838119228377
1.0472,6.28319,1.0,0.31622776601683794,0.9280551290593215
1.0472,6.28319,1.0,1.0,0.9481646315999687
1.0472,6.28319,1.0,3.1622776601683795,0.9279996397863622
1.0472,6.28319,1.0,10.0,0.8990509435305676
0.1309,0.0,6.0,0.1,0.7488648222042718
0.1309,0.0,6.0,0.31622776601683794,0.7497519982293498
0.1309,0.0,6.0,1.0,0.7501501695136609
0.1309,0.0,6.0,3.1622776601683795,0.7499027731976372
0.1309,0.0,6.0,10.0,0.7490522522332358
0.1309,1.5708,6.0,0.1,0.784688897518344
0.1309,1.5708,6.0,0.31622776601683794,0.8323881997964478
0.1309,1.5708,6.0,1.0,0.8653917667696959
0.1309,1.5708,6.0,3.1622776601683795,0.8316487732723196
0.1309,1.5708,6.0,10.0,0.7847272065846236
0.1309,3.14159,6.0,0.1,0.8211682099348889
0.1309,3.14159,6.0,0.31622776601683794,0.9266944919642817
0.1309,3.14159,6.0,1.0,1.0
0.1309,3.14159,6.0,3.1622776601683795,0.926798798927588
0.1309,3.14159,6.0,10.0,0.8209735067498432
0.1309,4.71239,6.0,0.1,0.7824881319886838
0.1309,4.71239,6.0,0.31622776601683794,0.8272454589399771
0.1309,4.71239,6.0,1.0,0.8610352640900027
0.1309,4.71239,6.0,3.1622776601683795,0.8292567203703632
0.1309,4.71239,6.0,10.0,0.7834398935540072
0.1309,6.28319,6.0,0.1,0.7489310840345037
0.1309,6.28319,6.0,0.31622776601683794,0.7498112075200069
0.1309,6.28319,6.0,1.0,0.750187306224429
0.1309,6.28319,6.0,3.1622776601683795,0.7496131227970796
0.1309,6.28319,6.0,10.0,0.7491695502874139
0.35997,0.0,6.0,0.1,0.49875390159936217
0.35997,0.0,6.0,0.31622776601683794,0.5115750815772292
0.35997,0.0,6.0,1.0,0.5195197822038432
0.35997,0.0,6.0,3.1622776601683795,0.5111158285632145
0.35997,0.0,6.0,10.0,0.4990983690574773
0.35997,1.5708,6.0,0.1,0.555408708138234
0.35997,1.5708,6.0,0.31622776601683794,0.6475546767036372
0.35997,1.5708,6.0,1.0,0.7194813119050231
0.35997,1.5708,6.0,3.1622776601683795,0.6455496506743762
0.35997,1.5708,6.0,10.0,0.5558452958003757
0.35997,3.14159,6.0,0.1,0.6218243053373742
0.35997,3.14159,6.0,0.31622776601683794,0.8459832138008806
0.35997,3.14159,6.0,1.0,1.0
0.35997,3.14159,6.0,3.1622776601683795,0.8482704428450363
0.35997,3.14159,6.0,10.0,0.62153346395564
0.35997,4.71239,6.0,0.1,0.5520264891189731
0.35997,4.71239,6.0,0.31622776601683794,0.6382036241843109
0.35997,4.71239,6.0,1.0,0.7088917953991345
0.35997,4.71239,6.0,3.1622776601683795,0.6416070290951232
0.35997,4.71239,6.0,10.0,0.5545676606569846
0.35997,6.28319,6.0,0.1,0.49982304680838663
0.35997,6.28319,6.0,0.31622776601683794,0.5119120248283974
0.35997,6.28319,6.0,1.0,0.5185494738141779
0.35997,6.28319,6.0,3.1622776601683795,0.5104312117920282
0.35997,6.28319,6.0,10.0,0.4993829047199184
0.58905,0.0,6.0,0.1,0.3577473547080129
0.58905,0.0,6.0,0.31622776601683794,0.3963336999684581
0.58905,0.0,6.0,1.0,0.4244182342506004
0.58905,0.0,6.0,3.1622776601683795,0.3966755737598483
0.58905,0.0,6.0,10.0,0.3574266961022505
0.58905,1.5708,6.0,0.1,0.4129383077976894
0.58905,1.5708,6.0,0.31622776601683794,0.5365308597046727
0.58905,1.5708,6.0,1.0,0.6452153390976344
0.58905,1.5708,6.0,3.1622776601683795,0.5373802489197012
0.58905,1.5708,6.0,10.0,0.4133160158326096
0.58905,3.14159,6.0,0.1,0.495587155662804
0.58905,3.14159,6.0,0.31622776601683794,0.8096085902556134
0.58905,3.14159,6.0,1.0,1.0
0.58905,3.14159,6.0,3.1622776601683795,0.8095726745447189
0.58905,3.14159,6.0,10.0,0.496921109979621
0.58905,4.71239,6.0,0.1,0.40999051069529224
0.58905,4.71239,6.0,0.31622776601683794,0.5288282621656702
0.58905,4.71239,6.0,1.0,0.6264211581296995
0.58905,4.71239,6.0,3.1622776601683795,0.5309238969427218
0.58905,4.71239,6.0,10.0,0.4110166352921183
0.58905,6.28319,6.0,0.1,0.356737801246369
0.58905,6.28319,6.0,0.31622776601683794,0.39574497643048984
0.58905,6.28319,6.0,1.0,0.4243220316600406
0.58905,6.28319,6.0,3.1622776601683795,0.39659630598131984
0.58905,6.28319,6.0,10.0,0.3582674945255046
0.81812,0.0,6.0,0.1,0.27633858360517294
0.81812,0.0,6.0,0.31622776601683794,0.35688807977877185
0.81812,0.0,6.0,1.0,0.4212409911222149
0.81812,0.0,6.0,3.1622776601683795,0.3577853418972938
0.81812,0.0,6.0,10.0,0.2767673945674715
0.81812,1.5708,6.0,0.1,0.3199055730976707
0.81812,1.5708,6.0,0.31622776601683794,0.47604631851741774
0.81812,1.5708,6.0,1.0,0.6089887219997873
0.81812,1.5708,6.0,3.1622776601683795,0.47447260565327715
0.81812,1.5708,6.0,10.0,0.3198272487114099
0.81812,3.14159,6.0,0.1,0.40800809385501974
0.81812,3.14159,6.0,0.31622776601683794,0.7900063327798678
0.81812,3.14159,6.0,1.0,1.0
0.81812,3.14159,6.0,3.1622776601683795,0.7928651693772647
0.81812,3.14159,6.0,10.0,0.4078640941896104
0.81812,4.71239,6.0,0.1,0.3155640167911589
0.81812,4.71239,6.0,0.31622776601683794,0.4664821356525899
0.81812,4.71239,6.0,1.0,0.597369952396823
0.81812,4.71239,6.0,3.1622776601683795,0.4696551406524512
0.81812,4.71239,6.0,10.0,0.31732086021230793
0.81812,6.28319,6.0,0.1,0.2768519760914104
0.81812,6.28319,6.0,0.31622776601683794,0.35812058494197363
0.81812,6.28319,6.0,1.0,0.4213537818179459
0.81812,6.28319,6.0,3.1622776601683795,0.35800864464878634
0.81812,6.28319,6.0,10.0,0.2768804688011468
1.0472,0.0,6.0,0.1,0.23749757480088549
1.0472,0.0,6.0,0.31622776601683794,0.37100433361503465
1.0472,0.0,6.0,1.0,0.4865735644305211
1.0472,0.0,6.0,3.1622776601683795,0.37121335169120095
1.0472,0.0,6.0,10.0,0.23645643832060823
1.0472,1.5708,6.0,0.1,0.2607089418370002
1.0472,1.5708,6.0,0.31622776601683794,0.4440697909770889
1.0472,1.5708,6.0,1.0,0.611891787780372
1.0472,1.5708,6.0,3.1622776601683795,0.44505462055472583
1.0472,1.5708,6.0,10.0,0.2609435787931295
1.0472,3.14159,6.0,0.1,0.3450414180086984
1.0472,3.14159,6.0,0.31622776601683794,0.7787110075960834
1.0472,3.14159,6.0,1.0,1.0
1.0472,3.14159,6.0,3.1622776601683795,0.7837253939377686
1.0472,3.14159,6.0,10.0,0.34791398111266264
1.0472,4.71239,6.0,0.1,0.2564038424716502
1.0472,4.71239,6.0,0.31622776601683794,0.4341086341058118
1.0472,4.71239,6.0,1.0,0.6005148947755222
1.0472,4.71239,6.0,3.1622776601683795,0.43927809774072835
1.0472,4.71239,6.0,10.0,0.2580730894131863
1.0472,6.28319,6.0,0.1,0.23611038570840556
1.0472,6.28319,6.0,0.31622776601683794,0.37100420032077597
1.0472,6.28319,6.0,1.0,0.4870441799968672
1.0472,6.28319,6.0,3.1622776601683795,0.3710420446577334
1.0472,6.28319,6.0,10.0,0.23682228620250692
0.1309,0.0,11.0,0.1,0.6176849197222412
0.1309,0.0,11.0,0.31622776601683794,0.6181941767274173
0.1309,0.0,11.0,1.0,0.6191353561433721
0.1309,0.0,11.0,3.1622776601683795,0.6180990260610051
0.1309,0.0,11.0,10.0,0.6172630995585804
0.1309,1.5708,11.0,0.1,0.6603779861394473
0.1309,1.5708,11.0,0.31622776601683794,0.720889984423068
0.1309,1.5708,11.0,1.0,0.7665316095505315
0.1309,1.5708,11.0,3.1622776601683795,0.7190220833004253
0.1309,1.5708,11.0,10.0,0.6602370496340174
0.1309,3.14159,11.0,0.1,0.7063915771861516
0.1309,3.14159,11.0,0.31622776601683794,0.859759076531682
0.1309,3.14159,11.0,1.0,1.0
0.1309,3.14159,11.0,3.1622776601683795,0.8600684447280568
0.1309,3.14159,11.0,10.0,0.7066706621328872
0.1309,4.71239,11.0,0.1,0.6575144693281966
0.1309,4.71239,11.0,0.31622776601683794,0.7138435923512794
0.1309,4.71239,11.0,1.0,0.7593978806020242
0.1309,4.71239,11.0,3.1622776601683795,0.7163513584178944
0.1309,4.71239,11.0,10.0,0.6589210117180985
0.1309,6.28319,11.0,0.1,0.617387493868025
0.1309,6.28319,11.0,0.31622776601683794,0.6179395725080483
0.1309,6.28319,11.0,1.0,0.6187925666487574
0.1309,6.28319,11.0,3.1622776601683795,0.6183734140360424
0.1309,6.28319,11.0,10.0,0.617278640543038
0.35997,0.0,11.0,0.1,0.3452090356929028
0.35997,0.0,11.0,0.31622776601683794,0.35751051453662575
0.35997,0.0,11.0,1.0,0.36654413924723533
0.35997,0.0,11.0,3.1622776601683795,0.3580148020424623
0.35997,0.0,11.0,10.0,0.34443909434301795
0.35997,1.5708,11.0,0.1,0.40572222948473063
0.35997,1.5708,11.0,0.31622776601683794,0.504316618781432
0.35997,1.5708,11.0,1.0,0.5836317488871473
0.35997,1.5708,11.0,3.1622776601683795,0.50169826416481
0.35997,1.5708,11.0,10.0,0.4037118239688603
0.35997,3.14159,11.0,0.1,0.4765269106086561
0.35997,3.14159,11.0,0.31622776601683794,0.7410413328649094
0.35997,3.14159,11.0,1.0,1.0
0.35997,3.14159,11.0,3.1622776601683795,0.7420255509557071
0.35997,3.14159,11.0,10.0,0.47651023354235705
0.35997,4.71239,11.0,0.1,0.4020155973782035
0.35997,4.71239,11.0,0.31622776601683794,0.4951599935274974
0.35997,4.71239,11.0,1.0,0.5717699822078556
0.35997,4.71239,11.0,3.1622776601683795,0.4990826956574325
0.35997,4.71239,11.0,10.0,0.4024461338670237
0.35997,6.28319,11.0,0.1,0.34549326773978967
0.35997,6.28319,11.0,0.31622776601683794,0.35744759869399423
0.35997,6.28319,11.0,1.0,0.36667020368350484
0.35997,6.28319,11.0,3.1622776601683795,0.3579317959432264
0.35997,6.28319,11.0,10.0,0.3453900739117955
0.58905,0.0,11.0,0.1,0.19224039021777548
0.58905,0.0,11.0,0.31622776601683794,0.23419398046031442
0.58905,0.0,11.0,1.0,0.2659323242369811
0.58905,0.0,11.0,3.1622776601683795,0.23578914445759072
0.58905,0.0,11.0,10.0,0.19265483377748835
0.58905,1.5708,11.0,0.1,0.2536332151402535
0.58905,1.5708,11.0,0.31622776601683794,0.385224676600414
0.58905,1.5708,11.0,1.0,0.5013548318335858
0.58905,1.5708,11.0,3.1622776601683795,0.38613873691771317
0.58905,1.5708,11.0,10.0,0.2513603088546796
0.58905,3.14159,11.0,0.1,0.34214086662171306
0.58905,3.14159,11.0,0.31622776601683794,0.6923909086786857
0.58905,3.14159,11.0,1.0,1.0
0.58905,3.14159,11.0,3.1622776601683795,0.692071209578107
0.58905,3.14159,11.0,10.0,0.3408716957000144
0.58905,4.71239,11.0,0.1,0.2509639113456788
0.58905,4.71239,11.0,0.31622776601683794,0.37749818884406405
0.58905,4.71239,11.0,1.0,0.4858515328874931
0.58905,4.71239,11.0,3.1622776601683795,0.3795659674272011
0.58905,4.71239,11.0,10.0,0.24954772649623028
0.58905,6.28319,11.0,0.1,0.19223262693256218
0.58905,6.28319,11.0,0.31622776601683794,0.2344663664913317
0.58905,6.28319,11.0,1.0,0.26561473664789403
0.58905,6.28319,11.0,3.1622776601683795,0.2340441386957631
0.58905,6.28319,11.0,10.0,0.19192566851475695
0.81812,0.0,11.0,0.1,0.10287583729235625
0.81812,0.0,11.0,0.31622776601683794,0.19429052674510905
0.81812,0.0,11.0,1.0,0.2646877568184864
0.81812,0.0,11.0,3.1622776601683795,0.19520704181529588
0.81812,0.0,11.0,10.0,0.10222640411572134
0.81812,1.5708,11.0,0.1,0.15408180275560973
0.81812,1.5708,11.0,0.31622776601683794,0.32571087954318834
0.81812,1.5708,11.0,1.0,0.4651026385964773
0.81812,1.5708,11.0,3.1622776601683795,0.32047147169781887
0.81812,1.5708,11.0,10.0,0.15180518779916208
0.81812,3.14159,11.0,0.1,0.24481220666574566
0.81812,3.14159,11.0,0.31622776601683794,0.6713100113876068
0.81812,3.14159,11.0,3.1622776601683795,0.672459988268161
0.81812,3.14159,11.0,10.0,0.24848103352159037
0.81812,4.71239,11.0,0.1,0.14591187305394288
0.81812,4.71239,11.0,0.31622776601683794,0.31047465097466787
0.81812,4.71239,11.0,1.0,0.45427320712845176
0.81812,4.71239,11.0,3.1622776601683795,0.31318450755073907
0.81812,4.71239,11.0,10.0,0.14869043968154422
0.81812,6.28319,11.0,0.1,0.10205046726172479
0.81812,6.28319,11.0,0.31622776601683794,0.193212718129682
0.81812,6.28319,11.0,1.0,0.26532949699583974
0.81812,6.28319,11.0,3.1622776601683795,0.19508177823662098
0.81812,6.28319,11.0,10.0,0.10291174243148918
1.0472,0.0,11.0,0.1,0.059753123245320804
1.0472,0.0,11.0,0.31622776601683794,0.21541519582184515
1.0472,0.0,11.0,1.0,0.3395806480855943
1.0472,0.0,11.0,3.1622776601683795,0.21100903544143507
1.0472,0.0,11.0,10.0,0.05878088294741617
1.0472,1.5708,11.0,0.1,0.08567701417106795
1.0472,1.5708,11.0,0.31622776601683794,0.29380729935633826
1.0472,1.5708,11.0,1.0,0.47296934101062893
1.0472,1.5708,11.0,3.1622776601683795,0.2904852357880272
1.0472,1.5708,11.0,10.0,0.08953834757090307
1.0472,3.14159,11.0,0.1,0.18481795527013403
1.0472,3.14159,11.0,0.31622776601683794,0.6631487160698001
1.0472,3.14159,11.0,3.1622776601683795,0.6638540659642371
1.0472,3.14159,11.0,10.0,0.18440318853289075
1.0472,4.71239,11.0,0.1,0.08002557543492612
1.0472,4.71239,11.0,0.31622776601683794,0.2769500539210607
1.0472,4.71239,11.0,1.0,0.4600970903767805
1.0472,4.71239,11.0,3.1622776601683795,0.2837417589919461
1.0472,4.71239,11.0,10.0,0.08421374801565738
1.0472,6.28319,11.0,0.1,0.060404890593960904
1.0472,6.28319,11.0,0.31622776601683794,0.21360391955190372
1.0472,6.28319,11.0,1.0,0.34039538790636387
1.0472,6.28319,11.0,3.1622776601683795,0.21260031981290417
1.0472,6.28319,11.0,10.0,0.05968104789144668
0.1309,0.0,16.0,0.1,0.5649971644652266
0.1309,0.0,16.0,0.31622776601683794,0.5663104087678545
0.1309,0.0,16.0,1.0,0.5665159639866749
0.1309,0.0,16.0,3.1622776601683795,0.5658644221909334
0.1309,0.0,16.0,10.0,0.5653402181318817
0.1309,1.5708,16.0,0.1,0.6080718975825958
0.1309,1.5708,16.0,0.31622776601683794,0.6685479430806566
0.1309,1.5708,16.0,1.0,0.7152681844410601
0.1309,1.5708,16.0,3.1622776601683795,0.6664889246705561
0.1309,1.5708,16.0,10.0,0.6066571064257782
0.1309,3.14159,16.0,0.1,0.6542223126659537
0.1309,3.14159,16.0,0.31622776601683794,0.815473194467053
0.1309,3.14159,16.0,1.0,1.0
0.1309,3.14159,16.0,3.1622776601683795,0.8157228876355774
0.1309,3.14159,16.0,10.0,0.6548250575541487
0.1309,4.71239,16.0,0.1,0.6058719339411309
0.1309,4.71239,16.0,0.31622776601683794,0.662021302459738
0.1309,4.71239,16.0,1.0,0.708216153251252
0.1309,4.71239,16.0,3.1622776601683795,0.6648084358465953
0.1309,4.71239,16.0,10.0,0.6057138005182208
0.1309,6.28319,16.0,0.1,0.5654370359377081
0.1309,6.28319,16.0,0.31622776601683794,0.5660355902597881
0.1309,6.28319,16.0,1.0,0.5666401904009168
0.1309,6.28319,16.0,3.1622776601683795,0.5659163091427015
0.1309,6.28319,16.0,10.0,0.5657974293647537
0.35997,0.0,16.0,0.1,0.2842150155562586
0.35997,0.0,16.0,0.31622776601683794,0.2985982861619296
0.35997,0.0,16.0,1.0,0.30740331249483177
0.35997,0.0,16.0,3.1622776601683795,0.29778844700658746
0.35997,0.0,16.0,10.0,0.2845633736524292
0.35997,1.5708,16.0,0.1,0.34874143027357696
0.35997,1.5708,16.0,0.31622776601683794,0.45086190771998025
0.35997,1.5708,16.0,1.0,0.5319799726407489
0.35997,1.5708,16.0,3.1622776601683795,0.44695231811483926
0.35997,1.5708,16.0,10.0,0.34620550536271455
0.35997,3.14159,16.0,0.1,0.4231873032795168
0.35997,3.14159,16.0,0.31622776601683794,0.688122180203089
0.35997,3.14159,16.0,1.0,1.0
0.35997,3.14159,16.0,3.1622776601683795,0.6903729942567078
0.35997,3.14159,16.0,10.0,0.4227591918228147
0.35997,4.71239,16.0,0.1,0.34390763387624895
0.35997,4.71239,16.0,0.31622776601683794,0.44070855236887163
0.35997,4.71239,16.0,1.0,0.5204753448291409
0.35997,4.71239,16.0,3.1622776601683795,0.447082245298231
0.35997,4.71239,16.0,10.0,0.3455772346600725
0.35997,6.28319,16.0,0.1,0.28445392045091483
0.35997,6.28319,16.0,0.31622776601683794,0.298393340984051
0.35997,6.28319,16.0,1.0,0.30712547098911536
0.35997,6.28319,16.0,3.1622776601683795,0.29779037500685435
0.35997,6.28319,16.0,10.0,0.28481882868969516
0.58905,0.0,16.0,0.1,0.12147375697568942
0.58905,0.0,16.0,0.31622776601683794,0.16755493016504136
0.58905,0.0,16.0,1.0,0.20052864444306798
0.58905,0.0,16.0,3.1622776601683795,0.1670599842311319
0.58905,0.0,16.0,10.0,0.12140242165912275
0.58905,1.5708,16.0,0.1,0.18902448863901525
0.58905,1.5708,16.0,0.31622776601683794,0.3282102732990881
0.58905,1.5708,16.0,1.0,0.4192455242591674
0.58905,1.5708,16.0,3.1622776601683795,0.32683378158599236
0.58905,1.5708,16.0,10.0,0.18564941302114008
0.58905,3.14159,16.0,0.1,0.2811422761290176
0.58905,3.14159,16.0,0.31622776601683794,0.6383117028927934
0.58905,3.14159,16.0,3.1622776601683795,0.6406984795932638
0.58905,3.14159,16.0,10.0,0.28069236277879955
0.58905,4.71239,16.0,0.1,0.18314379970711728
0.58905,4.71239,16.0,0.31622776601683794,0.31954208065816503
0.58905,4.71239,16.0,1.0,0.43304514506654035
0.58905,4.71239,16.0,3.1622776601683795,0.3215046973770994
0.58905,4.71239,16.0,10.0,0.18401432102245535
0.58905,6.28319,16.0,0.1,0.12205181471121136
0.58905,6.28319,16.0,0.31622776601683794,0.16590975419057155
0.58905,6.28319,16.0,1.0,0.20026100425993068
0.58905,6.28319,16.0,3.1622776601683795,0.16767979523551735
0.58905,6.28319,16.0,10.0,0.12178148331877395
0.81812,0.0,16.0,0.1,0.025317519008878957
0.81812,0.0,16.0,0.31622776601683794,0.12149368414838481
0.81812,0.0,16.0,1.0,0.20086555137128684
0.81812,0.0,16.0,3.1622776601683795,0.12641522001056965
0.81812,0.0,16.0,10.0,0.025999193004737443
0.81812,1.5708,16.0,0.1,0.08108253631993863
0.81812,1.5708,16.0,0.31622776601683794,0.2634706803246417
0.81812,1.5708,16.0,1.0,0.41252970121990473
0.81812,1.5708,16.0,3.1622776601683795,0.25809123539042295
0.81812,1.5708,16.0,10.0,0.07823836197795561
0.81812,3.14159,16.0,0.1,0.18125244481025396
0.81812,3.14159,16.0,0.31622776601683794,0.6225742785711605
0.81812,3.14159,16.0,3.1622776601683795,0.6216779792232004
0.81812,3.14159,16.0,10.0,0.1835377111387698
0.81812,4.71239,16.0,0.1,0.07269192107766805
0.81812,4.71239,16.0,0.31622776601683794,0.24935171801243283
0.81812,4.71239,16.0,1.0,0.4005723350967177
0.81812,4.71239,16.0,3.1622776601683795,0.25198162867741236
0.81812,4.71239,16.0,10.0,0.07389392598171968
0.81812,6.28319,16.0,0.1,0.026114868299316127
0.81812,6.28319,16.0,0.31622776601683794,0.1268119094612998
0.81812,6.28319,16.0,1.0,0.20085587567646496
0.81812,6.28319,16.0,3.1622776601683795,0.12636589654999525
0.81812,6.28319,16.0,10.0,0.02606693398850582
1.0472,0.0,16.0,0.1,0.020911651842951177
1.0472,0.0,16.0,0.31622776601683794,0.14628059539367314
1.0472,0.0,16.0,1.0,0.2787394411460219
1.0472,0.0,16.0,3.1622776601683795,0.14522457305814285
1.0472,0.0,16.0,10.0,0.022357131824707235
1.0472,1.5708,16.0,0.1,0.009579336278822384
1.0472,1.5708,16.0,0.31622776601683794,0.23170814564013922
1.0472,1.5708,16.0,1.0,0.4220337765427849
1.0472,1.5708,16.0,3.1622776601683795,0.2279595779778069
1.0472,1.5708,16.0,10.0,0.011323038494043883
1.0472,3.14159,16.0,0.1,0.11355872603401347
1.0472,3.14159,16.0,0.31622776601683794,0.6117644867556185
1.0472,3.14159,16.0,3.1622776601683795,0.6156039947491074
1.0472,3.14159,16.0,10.0,0.11416814932557773
1.0472,4.71239,16.0,0.1,0.00034280588849542134
1.0472,4.71239,16.0,0.31622776601683794,0.2140877528879267
1.0472,4.71239,16.0,1.0,0.4072108464100231
1.0472,4.71239,16.0,3.1622776601683795,0.21746936654960555
1.0472,4.71239,16.0,10.0,0.003809387860248724
1.0472,6.28319,16.0,0.1,0.021039337165963172
1.0472,6.28319,16.0,0.31622776601683794,0.1450134017485804
1.0472,6.28319,16.0,1.0,0.2792286918868261
1.0472,6.28319,16.0,3.1622776601683795,0.1469784893430357
1.0472,6.28319,16.0,10.0,0.022072717749218703
0.1309,0.0,21.0,0.1,0.541343331241419
0.1309,0.0,21.0,0.31622776601683794,0.541614252046762
0.1309,0.0,21.0,1.0,0.542173886549725
0.1309,0.0,21.0,3.1622776601683795,0.5411526050285687
0.1309,0.0,21.0,10.0,0.5409904782241414
0.1309,1.5708,21.0,0.1,0.5840345004584168
0.1309,1.5708,21.0,0.31622776601683794,0.6442050721574724
0.1309,1.5708,21.0,1.0,0.6899222443794811
0.1309,1.5708,21.0,3.1622776601683795,0.6423353104913613
0.1309,1.5708,21.0,10.0,0.5825929026180211
0.1309,3.14159,21.0,0.1,0.6300702799491018
0.1309,3.14159,21.0,0.31622776601683794,0.7895382140552958
0.1309,3.14159,21.0,1.0,1.0
0.1309,3.14159,21.0,3.1622776601683795,0.7894652209214306
0.1309,3.14159,21.0,10.0,0.6310682757618402
0.1309,4.71239,21.0,0.1,0.5811691018962443
0.1309,4.71239,21.0,0.31622776601683794,0.63792808769744
0.1309,4.71239,21.0,1.0,0.683149090274344
0.1309,4.71239,21.0,3.1622776601683795,0.6403109781507013
0.1309,4.71239,21.0,10.0,0.5814520486571926
0.1309,6.28319,21.0,0.1,0.5407146529845536
0.1309,6.28319,21.0,0.31622776601683794,0.5416044763619035
0.1309,6.28319,21.0,1.0,0.5421134078758614
0.1309,6.28319,21.0,3.1622776601683795,0.541409848467436
0.1309,6.28319,21.0,10.0,0.5406627459676835
0.35997,0.0,21.0,0.1,0.2512637662385606
0.35997,0.0,21.0,0.31622776601683794,0.2649988910014636
0.35997,0.0,21.0,1.0,0.27429643370683643
0.35997,0.0,21.0,3.1622776601683795,0.26529344980158603
0.35997,0.0,21.0,10.0,0.2513703591843281
0.35997,1.5708,21.0,0.1,0.3173641226530682
0.35997,1.5708,21.0,0.31622776601683794,0.42392129871429424
0.35997,1.5708,21.0,1.0,0.5052573097903598
0.35997,1.5708,21.0,3.1622776601683795,0.42002560828753954
0.35997,1.5708,21.0,10.0,0.31547976343115375
0.35997,3.14159,21.0,0.1,0.3937266543584688
0.35997,3.14159,21.0,0.31622776601683794,0.6641898949262984
0.35997,3.14159,21.0,3.1622776601683795,0.6664452060276194
0.35997,3.14159,21.0,10.0,0.3944666986091125
0.35997,4.71239,21.0,0.1,0.31228945932450075
0.35997,4.71239,21.0,0.31622776601683794,0.41376976832720774
0.35997,4.71239,21.0,1.0,0.49581431077253063
0.35997,4.71239,21.0,3.1622776601683795,0.41706199103303404
0.35997,4.71239,21.0,10.0,0.3136466184567162
0.35997,6.28319,21.0,0.1,0.2509604518674313
0.35997,6.28319,21.0,0.31622776601683794,0.26488605116361935
0.35997,6.28319,21.0,1.0,0.2746648764747343
0.35997,6.28319,21.0,3.1622776601683795,0.26475861795693806
0.35997,6.28319,21.0,10.0,0.25126920335247144
0.58905,0.0,21.0,0.1,0.08096443104472513
0.58905,0.0,21.0,0.31622776601683794,0.12830026368331598
0.58905,0.0,21.0,1.0,0.1625298816764432
0.58905,0.0,21.0,3.1622776601683795,0.128643251416705
0.58905,0.0,21.0,10.0,0.08083900473345298
0.58905,1.5708,21.0,0.1,0.15090184711595447
0.58905,1.5708,21.0,0.31622776601683794,0.29472271869210237
0.58905,1.5708,21.0,1.0,0.4161682126284226
0.58905,1.5708,21.0,3.1622776601683795,0.29562934765282134
0.58905,1.5708,21.0,10.0,0.14833001534549992
0.58905,3.14159,21.0,0.1,0.24760274906674198
0.58905,3.14159,21.0,0.31622776601683794,0.6157175155265915
0.58905,3.14159,21.0,3.1622776601683795,0.6169694299178432
0.58905,3.14159,21.0,10.0,0.24711305095960873
0.58905,4.71239,21.0,0.1,0.14314388388657534
0.58905,4.71239,21.0,0.31622776601683794,0.2848380743102031
0.58905,4.71239,21.0,1.0,0.40265435664413646
0.58905,4.71239,21.0,3.1622776601683795,0.28965763853157883
0.58905,4.71239,21.0,10.0,0.1470461762183637
0.58905,6.28319,21.0,0.1,0.08125009740444873
0.58905,6.28319,21.0,0.31622776601683794,0.12842533027146794
0.58905,6.28319,21.0,1.0,0.16179359146879188
0.58905,6.28319,21.0,3.1622776601683795,0.128289946035398
0.58905,6.28319,21.0,10.0,0.08104098070585367
0.81812,0.0,21.0,0.1,0.01942637749038672
0.81812,0.0,21.0,0.31622776601683794,0.08621747430804076
0.81812,0.0,21.0,1.0,0.16270186133471332
0.81812,0.0,21.0,3.1622776601683795,0.08554428742584227
0.81812,0.0,21.0,10.0,0.018505087079670617
0.81812,1.5708,21.0,0.1,0.03655481888225278
0.81812,1.5708,21.0,0.31622776601683794,0.2300882263125835
0.81812,1.5708,21.0,1.0,0.38470382996680036
0.81812,1.5708,21.0,3.1622776601683795,0.22460918422159207
0.81812,1.5708,21.0,10.0,0.035547979006825284
0.81812,3.14159,21.0,0.1,0.14266241190181125
0.81812,3.14159,21.0,0.31622776601683794,0.5977197297578786
0.81812,3.14159,21.0,3.1622776601683795,0.5983609278531471
0.81812,3.14159,21.0,10.0,0.1434598316151587
0.81812,4.71239,21.0,0.1,0.03039024552137949
0.81812,4.71239,21.0,0.31622776601683794,0.21410926679129372
0.81812,4.71239,21.0,1.0,0.3696955598681455
0.81812,4.71239,21.0,3.1622776601683795,0.21542435817811656
0.81812,4.71239,21.0,10.0,0.032408681613949636
0.81812,6.28319,21.0,0.1,0.019248298610667344
0.81812,6.28319,21.0,0.31622776601683794,0.08374023662118897
0.81812,6.28319,21.0,1.0,0.1636953775037613
0.81812,6.28319,21.0,3.1622776601683795,0.08558234606135993
0.81812,6.28319,21.0,10.0,0.01883923693464088
1.0472,0.0,21.0,0.1,0.06946152181138908
1.0472,0.0,21.0,0.31622776601683794,0.10630287366930435
1.0472,0.0,21.0,1.0,0.24540325868183976
1.0472,0.0,21.0,3.1622776601683795,0.10659691193898128
1.0472,0.0,21.0,10.0,0.06940545220129438
1.0472,1.5708,21.0,0.1,0.037651449690981366
1.0472,1.5708,21.0,0.31622776601683794,0.1955252819230262
1.0472,1.5708,21.0,1.0,0.3933789225286337
1.0472,1.5708,21.0,3.1622776601683795,0.1912278117737749
1.0472,1.5708,21.0,10.0,0.03715783094018301
1.0472,3.14159,21.0,0.1,0.07181945863337427
1.0472,3.14159,21.0,0.31622776601683794,0.5895291259662506
1.0472,3.14159,21.0,3.1622776601683795,0.5930406743161385
1.0472,3.14159,21.0,10.0,0.07333758396052538
1.0472,4.71239,21.0,0.1,0.04518415996909967
1.0472,4.71239,21.0,0.31622776601683794,0.17711583459661123
1.0472,4.71239,21.0,1.0,0.37846364816012307
1.0472,4.71239,21.0,3.1622776601683795,0.18221704058069926
1.0472,4.71239,21.0,10.0,0.04325250968166795
1.0472,6.28319,21.0,0.1,0.06996978438725569
1.0472,6.28319,21.0,0.31622776601683794,0.10184229643401803
1.0472,6.28319,21.0,1.0,0.24543681967083927
1.0472,6.28319,21.0,3.1622776601683795,0.10643118332009108
1.0472,6.28319,21.0,10.0,0.07014674305691765
